country,region_or_county,city_or_district,url
England,Bath and North East Somerset,Bath,/foster-agency/england/bath-and-north-east-somerset/bath
England,Bath and North East Somerset,Keynsham,/foster-agency/england/bath-and-north-east-somerset/keynsham
England,Bedford,Bedford,/foster-agency/england/bedford/bedford
England,Bedford,Kempston,/foster-agency/england/bedford/kempston
England,Bedfordshire,Biggleswade,/foster-agency/england/bedfordshire/biggleswade
England,Bedfordshire,Dunstable,/foster-agency/england/bedfordshire/dunstable
England,Bedfordshire,Leighton Buzzard,/foster-agency/england/bedfordshire/leighton-buzzard
England,Berkshire,Bracknell,/foster-agency/england/berkshire/bracknell
England,Berkshire,Maidenhead,/foster-agency/england/berkshire/maidenhead
England,Berkshire,Newbury,/foster-agency/england/berkshire/newbury
England,Berkshire,Reading,/foster-agency/england/berkshire/reading
England,Berkshire,Slough,/foster-agency/england/berkshire/slough
England,Berkshire,Windsor,/foster-agency/england/berkshire/windsor
England,Bournemouth Christchurch and Poole,Bournemouth,/foster-agency/england/bournemouth-christchurch-and-poole/bournemouth
England,Bournemouth Christchurch and Poole,Christchurch,/foster-agency/england/bournemouth-christchurch-and-poole/christchurch
England,Bournemouth Christchurch and Poole,Poole,/foster-agency/england/bournemouth-christchurch-and-poole/poole
England,Brighton and Hove,Brighton,/foster-agency/england/brighton-and-hove/brighton
England,Brighton and Hove,Hove,/foster-agency/england/brighton-and-hove/hove
England,Bristol,Bristol,/foster-agency/england/bristol/bristol
England,Buckinghamshire,Aylesbury,/foster-agency/england/buckinghamshire/aylesbury
England,Buckinghamshire,High Wycombe,/foster-agency/england/buckinghamshire/high-wycombe
England,Cambridgeshire,Cambridge,/foster-agency/england/cambridgeshire/cambridge
England,Cambridgeshire,Ely,/foster-agency/england/cambridgeshire/ely
England,Cambridgeshire,Huntingdon,/foster-agency/england/cambridgeshire/huntingdon
England,Cambridgeshire,Peterborough,/foster-agency/england/cambridgeshire/peterborough
England,Cambridgeshire,Wisbech,/foster-agency/england/cambridgeshire/wisbech
England,Central Bedfordshire,Houghton Regis,/foster-agency/england/central-bedfordshire/houghton-regis
England,Central Bedfordshire,Sandy,/foster-agency/england/central-bedfordshire/sandy
England,Cornwall,Falmouth,/foster-agency/england/cornwall/falmouth
England,Cornwall,Penzance,/foster-agency/england/cornwall/penzance
England,Cornwall,St Austell,/foster-agency/england/cornwall/st-austell
England,Cornwall,Truro,/foster-agency/england/cornwall/truro
England,County Durham,Chester-le-Street,/foster-agency/england/county-durham/chester-le-street
England,County Durham,Durham,/foster-agency/england/county-durham/durham
England,County Durham,Peterlee,/foster-agency/england/county-durham/peterlee
England,Darlington,Darlington,/foster-agency/england/darlington/darlington
England,Derbyshire,Buxton,/foster-agency/england/derbyshire/buxton
England,Derbyshire,Chesterfield,/foster-agency/england/derbyshire/chesterfield
England,Derbyshire,Derby,/foster-agency/england/derbyshire/derby
England,Derbyshire,Ilkeston,/foster-agency/england/derbyshire/ilkeston
England,Derbyshire,Long Eaton,/foster-agency/england/derbyshire/long-eaton
England,Devon,Barnstaple,/foster-agency/england/devon/barnstaple
England,Devon,Exeter,/foster-agency/england/devon/exeter
England,Devon,Exmouth,/foster-agency/england/devon/exmouth
England,Devon,Tiverton,/foster-agency/england/devon/tiverton
England,Dorset,Bridport,/foster-agency/england/dorset/bridport
England,Dorset,Dorchester,/foster-agency/england/dorset/dorchester
England,Dorset,Sherborne,/foster-agency/england/dorset/sherborne
England,Dorset,Weymouth,/foster-agency/england/dorset/weymouth
England,East Sussex,Eastbourne,/foster-agency/england/east-sussex/eastbourne
England,East Sussex,Hastings,/foster-agency/england/east-sussex/hastings
England,East Sussex,Lewes,/foster-agency/england/east-sussex/lewes
England,Essex,Basildon,/foster-agency/england/essex/basildon
England,Essex,Brentwood,/foster-agency/england/essex/brentwood
England,Essex,Chelmsford,/foster-agency/england/essex/chelmsford
England,Essex,Colchester,/foster-agency/england/essex/colchester
England,Essex,Grays,/foster-agency/england/essex/grays
England,Essex,Harlow,/foster-agency/england/essex/harlow
England,Essex,Southend-on-Sea,/foster-agency/england/essex/southend-on-sea
England,Essex,Thurrock,/foster-agency/england/essex/thurrock
England,Gloucestershire,Cheltenham,/foster-agency/england/gloucestershire/cheltenham
England,Gloucestershire,Cirencester,/foster-agency/england/gloucestershire/cirencester
England,Gloucestershire,Gloucester,/foster-agency/england/gloucestershire/gloucester
England,Gloucestershire,Stroud,/foster-agency/england/gloucestershire/stroud
England,Greater London,Barnet,/foster-agency/england/greater-london/barnet
England,Greater London,Bexley,/foster-agency/england/greater-london/bexley
England,Greater London,Brent,/foster-agency/england/greater-london/brent
England,Greater London,Bromley,/foster-agency/england/greater-london/bromley
England,Greater London,Camden,/foster-agency/england/greater-london/camden
England,Greater London,City of London,/foster-agency/england/greater-london/city-of-london
England,Greater London,Croydon,/foster-agency/england/greater-london/croydon
England,Greater London,Ealing,/foster-agency/england/greater-london/ealing
England,Greater London,Enfield,/foster-agency/england/greater-london/enfield
England,Greater London,Greenwich,/foster-agency/england/greater-london/greenwich
England,Greater London,Hackney,/foster-agency/england/greater-london/hackney
England,Greater London,Hammersmith and Fulham,/foster-agency/england/greater-london/hammersmith-and-fulham
England,Greater London,Haringey,/foster-agency/england/greater-london/haringey
England,Greater London,Harrow,/foster-agency/england/greater-london/harrow
England,Greater London,Hillingdon,/foster-agency/england/greater-london/hillingdon
England,Greater London,Hounslow,/foster-agency/england/greater-london/hounslow
England,Greater London,Islington,/foster-agency/england/greater-london/islington
England,Greater London,Kensington and Chelsea,/foster-agency/england/greater-london/kensington-and-chelsea
England,Greater London,Kingston upon Thames,/foster-agency/england/greater-london/kingston-upon-thames
England,Greater London,Lambeth,/foster-agency/england/greater-london/lambeth
England,Greater London,Lewisham,/foster-agency/england/greater-london/lewisham
England,Greater London,London,/foster-agency/england/greater-london/london
England,Greater London,Merton,/foster-agency/england/greater-london/merton
England,Greater London,Newham,/foster-agency/england/greater-london/newham
England,Greater London,Redbridge,/foster-agency/england/greater-london/redbridge
England,Greater London,Richmond upon Thames,/foster-agency/england/greater-london/richmond-upon-thames
England,Greater London,Southwark,/foster-agency/england/greater-london/southwark
England,Greater London,Sutton,/foster-agency/england/greater-london/sutton
England,Greater London,Tower Hamlets,/foster-agency/england/greater-london/tower-hamlets
England,Greater London,Waltham Forest,/foster-agency/england/greater-london/waltham-forest
England,Greater London,Wandsworth,/foster-agency/england/greater-london/wandsworth
England,Greater London,Westminster,/foster-agency/england/greater-london/westminster
England,Greater Manchester,Bolton,/foster-agency/england/greater-manchester/bolton
England,Greater Manchester,Bury,/foster-agency/england/greater-manchester/bury
England,Greater Manchester,Manchester,/foster-agency/england/greater-manchester/manchester
England,Greater Manchester,Oldham,/foster-agency/england/greater-manchester/oldham
England,Greater Manchester,Rochdale,/foster-agency/england/greater-manchester/rochdale
England,Greater Manchester,Salford,/foster-agency/england/greater-manchester/salford
England,Greater Manchester,Stockport,/foster-agency/england/greater-manchester/stockport
England,Greater Manchester,Tameside,/foster-agency/england/greater-manchester/tameside
England,Greater Manchester,Trafford,/foster-agency/england/greater-manchester/trafford
England,Greater Manchester,Wigan,/foster-agency/england/greater-manchester/wigan
England,Hampshire,Aldershot,/foster-agency/england/hampshire/aldershot
England,Hampshire,Andover,/foster-agency/england/hampshire/andover
England,Hampshire,Basingstoke,/foster-agency/england/hampshire/basingstoke
England,Hampshire,Farnborough,/foster-agency/england/hampshire/farnborough
England,Hampshire,Winchester,/foster-agency/england/hampshire/winchester
England,Hartlepool,Hartlepool,/foster-agency/england/hartlepool/hartlepool
England,Herefordshire,Hereford,/foster-agency/england/herefordshire/hereford
England,Herefordshire,Leominster,/foster-agency/england/herefordshire/leominster
England,Hertfordshire,Hemel Hempstead,/foster-agency/england/hertfordshire/hemel-hempstead
England,Hertfordshire,Hertford,/foster-agency/england/hertfordshire/hertford
England,Hertfordshire,St Albans,/foster-agency/england/hertfordshire/st-albans
England,Hertfordshire,Stevenage,/foster-agency/england/hertfordshire/stevenage
England,Hertfordshire,Watford,/foster-agency/england/hertfordshire/watford
England,Kent,Ashford,/foster-agency/england/kent/ashford
England,Kent,Canterbury,/foster-agency/england/kent/canterbury
England,Kent,Chatham,/foster-agency/england/kent/chatham
England,Kent,Dartford,/foster-agency/england/kent/dartford
England,Kent,Gillingham,/foster-agency/england/kent/gillingham
England,Kent,Gravesend,/foster-agency/england/kent/gravesend
England,Kent,Maidstone,/foster-agency/england/kent/maidstone
England,Kent,Medway,/foster-agency/england/kent/medway
England,Kent,Rochester,/foster-agency/england/kent/rochester
England,Kent,Royal Tunbridge Wells,/foster-agency/england/kent/royal-tunbridge-wells
England,Leicestershire,Coalville,/foster-agency/england/leicestershire/coalville
England,Leicestershire,Hinckley,/foster-agency/england/leicestershire/hinckley
England,Leicestershire,Leicester,/foster-agency/england/leicestershire/leicester
England,Leicestershire,Loughborough,/foster-agency/england/leicestershire/loughborough
England,Leicestershire,Melton Mowbray,/foster-agency/england/leicestershire/melton-mowbray
England,Lincolnshire,Boston,/foster-agency/england/lincolnshire/boston
England,Lincolnshire,Grantham,/foster-agency/england/lincolnshire/grantham
England,Lincolnshire,Lincoln,/foster-agency/england/lincolnshire/lincoln
England,Lincolnshire,Skegness,/foster-agency/england/lincolnshire/skegness
England,Luton,Luton,/foster-agency/england/luton/luton
England,Merseyside,Birkenhead,/foster-agency/england/merseyside/birkenhead
England,Merseyside,Knowsley,/foster-agency/england/merseyside/knowsley
England,Merseyside,Liverpool,/foster-agency/england/merseyside/liverpool
England,Merseyside,Sefton,/foster-agency/england/merseyside/sefton
England,Merseyside,Southport,/foster-agency/england/merseyside/southport
England,Merseyside,St Helens,/foster-agency/england/merseyside/st-helens
England,Merseyside,Wirral,/foster-agency/england/merseyside/wirral
England,Middlesbrough,Middlesbrough,/foster-agency/england/middlesbrough/middlesbrough
England,Milton Keynes,Milton Keynes,/foster-agency/england/milton-keynes/milton-keynes
England,Norfolk,Great Yarmouth,/foster-agency/england/norfolk/great-yarmouth
England,Norfolk,King's Lynn,/foster-agency/england/norfolk/kings-lynn
England,Norfolk,Norwich,/foster-agency/england/norfolk/norwich
England,Norfolk,Thetford,/foster-agency/england/norfolk/thetford
England,North East Lincolnshire,Cleethorpes,/foster-agency/england/north-east-lincolnshire/cleethorpes
England,North East Lincolnshire,Grimsby,/foster-agency/england/north-east-lincolnshire/grimsby
England,North Lincolnshire,Scunthorpe,/foster-agency/england/north-lincolnshire/scunthorpe
England,North Somerset,Clevedon,/foster-agency/england/north-somerset/clevedon
England,North Somerset,Portishead,/foster-agency/england/north-somerset/portishead
England,North Somerset,Weston-super-Mare,/foster-agency/england/north-somerset/weston-super-mare
England,Northamptonshire,Corby,/foster-agency/england/northamptonshire/corby
England,Northamptonshire,Kettering,/foster-agency/england/northamptonshire/kettering
England,Northamptonshire,Northampton,/foster-agency/england/northamptonshire/northampton
England,Northamptonshire,Wellingborough,/foster-agency/england/northamptonshire/wellingborough
England,Northumberland,Ashington,/foster-agency/england/northumberland/ashington
England,Northumberland,Blyth,/foster-agency/england/northumberland/blyth
England,Northumberland,Hexham,/foster-agency/england/northumberland/hexham
England,Northumberland,Morpeth,/foster-agency/england/northumberland/morpeth
England,Nottinghamshire,Arnold,/foster-agency/england/nottinghamshire/arnold
England,Nottinghamshire,Beeston,/foster-agency/england/nottinghamshire/beeston
England,Nottinghamshire,Mansfield,/foster-agency/england/nottinghamshire/mansfield
England,Nottinghamshire,Nottingham,/foster-agency/england/nottinghamshire/nottingham
England,Nottinghamshire,Worksop,/foster-agency/england/nottinghamshire/worksop
England,Oxfordshire,Abingdon,/foster-agency/england/oxfordshire/abingdon
England,Oxfordshire,Banbury,/foster-agency/england/oxfordshire/banbury
England,Oxfordshire,Bicester,/foster-agency/england/oxfordshire/bicester
England,Oxfordshire,Oxford,/foster-agency/england/oxfordshire/oxford
England,Plymouth,Plymouth,/foster-agency/england/plymouth/plymouth
England,Portsmouth,Portsmouth,/foster-agency/england/portsmouth/portsmouth
England,Redcar and Cleveland,Redcar,/foster-agency/england/redcar-and-cleveland/redcar
England,Rutland,Oakham,/foster-agency/england/rutland/oakham
England,Rutland,Uppingham,/foster-agency/england/rutland/uppingham
England,Shropshire,Market Drayton,/foster-agency/england/shropshire/market-drayton
England,Shropshire,Oswestry,/foster-agency/england/shropshire/oswestry
England,Shropshire,Shrewsbury,/foster-agency/england/shropshire/shrewsbury
England,Somerset,Bridgwater,/foster-agency/england/somerset/bridgwater
England,Somerset,Taunton,/foster-agency/england/somerset/taunton
England,Somerset,Weston-super-Mare,/foster-agency/england/somerset/weston-super-mare
England,Somerset,Yeovil,/foster-agency/england/somerset/yeovil
England,South Yorkshire,Barnsley,/foster-agency/england/south-yorkshire/barnsley
England,South Yorkshire,Doncaster,/foster-agency/england/south-yorkshire/doncaster
England,South Yorkshire,Rotherham,/foster-agency/england/south-yorkshire/rotherham
England,South Yorkshire,Sheffield,/foster-agency/england/south-yorkshire/sheffield
England,Southampton,Southampton,/foster-agency/england/southampton/southampton
England,Staffordshire,Burton upon Trent,/foster-agency/england/staffordshire/burton-upon-trent
England,Staffordshire,Lichfield,/foster-agency/england/staffordshire/lichfield
England,Staffordshire,Stafford,/foster-agency/england/staffordshire/stafford
England,Staffordshire,Tamworth,/foster-agency/england/staffordshire/tamworth
England,Stockton-on-Tees,Stockton-on-Tees,/foster-agency/england/stockton-on-tees/stockton-on-tees
England,Stoke-on-Trent,Newcastle-under-Lyme,/foster-agency/england/stoke-on-trent/newcastle-under-lyme
England,Stoke-on-Trent,Stoke-on-Trent,/foster-agency/england/stoke-on-trent/stoke-on-trent
England,Suffolk,Bury St Edmunds,/foster-agency/england/suffolk/bury-st-edmunds
England,Suffolk,Felixstowe,/foster-agency/england/suffolk/felixstowe
England,Suffolk,Ipswich,/foster-agency/england/suffolk/ipswich
England,Suffolk,Lowestoft,/foster-agency/england/suffolk/lowestoft
England,Surrey,Epsom,/foster-agency/england/surrey/epsom
England,Surrey,Farnham,/foster-agency/england/surrey/farnham
England,Surrey,Guildford,/foster-agency/england/surrey/guildford
England,Surrey,Walton-on-Thames,/foster-agency/england/surrey/walton-on-thames
England,Surrey,Woking,/foster-agency/england/surrey/woking
England,Telford and Wrekin,Telford,/foster-agency/england/telford-and-wrekin/telford
England,Torbay,Brixham,/foster-agency/england/torbay/brixham
England,Torbay,Paignton,/foster-agency/england/torbay/paignton
England,Torbay,Torquay,/foster-agency/england/torbay/torquay
England,Tyne and Wear,Gateshead,/foster-agency/england/tyne-and-wear/gateshead
England,Tyne and Wear,Newcastle upon Tyne,/foster-agency/england/tyne-and-wear/newcastle-upon-tyne
England,Tyne and Wear,North Tyneside,/foster-agency/england/tyne-and-wear/north-tyneside
England,Tyne and Wear,South Tyneside,/foster-agency/england/tyne-and-wear/south-tyneside
England,Tyne and Wear,Sunderland,/foster-agency/england/tyne-and-wear/sunderland
England,Warwickshire,Nuneaton,/foster-agency/england/warwickshire/nuneaton
England,Warwickshire,Royal Leamington Spa,/foster-agency/england/warwickshire/royal-leamington-spa
England,Warwickshire,Rugby,/foster-agency/england/warwickshire/rugby
England,Warwickshire,Stratford-upon-Avon,/foster-agency/england/warwickshire/stratford-upon-avon
England,Warwickshire,Warwick,/foster-agency/england/warwickshire/warwick
England,West Midlands,Birmingham,/foster-agency/england/west-midlands/birmingham
England,West Midlands,Coventry,/foster-agency/england/west-midlands/coventry
England,West Midlands,Dudley,/foster-agency/england/west-midlands/dudley
England,West Midlands,Sandwell,/foster-agency/england/west-midlands/sandwell
England,West Midlands,Solihull,/foster-agency/england/west-midlands/solihull
England,West Midlands,Walsall,/foster-agency/england/west-midlands/walsall
England,West Midlands,Wolverhampton,/foster-agency/england/west-midlands/wolverhampton
England,West Sussex,Bognor Regis,/foster-agency/england/west-sussex/bognor-regis
England,West Sussex,Chichester,/foster-agency/england/west-sussex/chichester
England,West Sussex,Crawley,/foster-agency/england/west-sussex/crawley
England,West Sussex,Worthing,/foster-agency/england/west-sussex/worthing
England,West Yorkshire,Bradford,/foster-agency/england/west-yorkshire/bradford
England,West Yorkshire,Halifax,/foster-agency/england/west-yorkshire/halifax
England,West Yorkshire,Huddersfield,/foster-agency/england/west-yorkshire/huddersfield
England,West Yorkshire,Kirklees,/foster-agency/england/west-yorkshire/kirklees
England,West Yorkshire,Leeds,/foster-agency/england/west-yorkshire/leeds
England,West Yorkshire,Wakefield,/foster-agency/england/west-yorkshire/wakefield
England,Worcestershire,Kidderminster,/foster-agency/england/worcestershire/kidderminster
England,Worcestershire,Malvern,/foster-agency/england/worcestershire/malvern
England,Worcestershire,Redditch,/foster-agency/england/worcestershire/redditch
England,Worcestershire,Worcester,/foster-agency/england/worcestershire/worcester
Northern Ireland,Antrim and Newtownabbey,Antrim,/foster-agency/northern-ireland/antrim-and-newtownabbey/antrim
Northern Ireland,Antrim and Newtownabbey,Newtownabbey,/foster-agency/northern-ireland/antrim-and-newtownabbey/newtownabbey
Northern Ireland,Ards and North Down,Bangor,/foster-agency/northern-ireland/ards-and-north-down/bangor
Northern Ireland,Ards and North Down,Newtownards,/foster-agency/northern-ireland/ards-and-north-down/newtownards
Northern Ireland,"Armagh City, Banbridge and Craigavon",Armagh,/foster-agency/northern-ireland/armagh-city-banbridge-and-craigavon/armagh
Northern Ireland,"Armagh City, Banbridge and Craigavon",Banbridge,/foster-agency/northern-ireland/armagh-city-banbridge-and-craigavon/banbridge
Northern Ireland,"Armagh City, Banbridge and Craigavon",Craigavon,/foster-agency/northern-ireland/armagh-city-banbridge-and-craigavon/craigavon
Northern Ireland,Belfast,Belfast,/foster-agency/northern-ireland/belfast/belfast
Northern Ireland,Causeway Coast and Glens,Ballycastle,/foster-agency/northern-ireland/causeway-coast-and-glens/ballycastle
Northern Ireland,Causeway Coast and Glens,Coleraine,/foster-agency/northern-ireland/causeway-coast-and-glens/coleraine
Northern Ireland,Causeway Coast and Glens,Limavady,/foster-agency/northern-ireland/causeway-coast-and-glens/limavady
Northern Ireland,Derry and Strabane,Derry,/foster-agency/northern-ireland/derry-and-strabane/derry
Northern Ireland,Derry and Strabane,Londonderry,/foster-agency/northern-ireland/derry-and-strabane/londonderry
Northern Ireland,Fermanagh and Omagh,Enniskillen,/foster-agency/northern-ireland/fermanagh-and-omagh/enniskillen
Northern Ireland,Fermanagh and Omagh,Omagh,/foster-agency/northern-ireland/fermanagh-and-omagh/omagh
Northern Ireland,Lisburn and Castlereagh,Lisburn,/foster-agency/northern-ireland/lisburn-and-castlereagh/lisburn
Northern Ireland,Mid Ulster,Cookstown,/foster-agency/northern-ireland/mid-ulster/cookstown
Northern Ireland,Mid Ulster,Dungannon,/foster-agency/northern-ireland/mid-ulster/dungannon
Northern Ireland,Mid Ulster,Magherafelt,/foster-agency/northern-ireland/mid-ulster/magherafelt
Northern Ireland,Mid and East Antrim,Ballymena,/foster-agency/northern-ireland/mid-and-east-antrim/ballymena
Northern Ireland,Mid and East Antrim,Carrickfergus,/foster-agency/northern-ireland/mid-and-east-antrim/carrickfergus
Northern Ireland,Mid and East Antrim,Larne,/foster-agency/northern-ireland/mid-and-east-antrim/larne
Northern Ireland,"Newry, Mourne and Down",Downpatrick,/foster-agency/northern-ireland/newry-mourne-and-down/downpatrick
Northern Ireland,"Newry, Mourne and Down",Newry,/foster-agency/northern-ireland/newry-mourne-and-down/newry
Scotland,Aberdeen City,Aberdeen,/foster-agency/scotland/aberdeen-city/aberdeen
Scotland,Aberdeenshire,Fraserburgh,/foster-agency/scotland/aberdeenshire/fraserburgh
Scotland,Aberdeenshire,Peterhead,/foster-agency/scotland/aberdeenshire/peterhead
Scotland,Angus,Arbroath,/foster-agency/scotland/angus/arbroath
Scotland,Argyll and Bute,Helensburgh,/foster-agency/scotland/argyll-and-bute/helensburgh
Scotland,Argyll and Bute,Oban,/foster-agency/scotland/argyll-and-bute/oban
Scotland,City of Edinburgh,Edinburgh,/foster-agency/scotland/city-of-edinburgh/edinburgh
Scotland,Clackmannanshire,Alloa,/foster-agency/scotland/clackmannanshire/alloa
Scotland,Dumfries and Galloway,Dumfries,/foster-agency/scotland/dumfries-and-galloway/dumfries
Scotland,Dundee City,Dundee,/foster-agency/scotland/dundee-city/dundee
Scotland,East Ayrshire,Kilmarnock,/foster-agency/scotland/east-ayrshire/kilmarnock
Scotland,East Dunbartonshire,Kirkintilloch,/foster-agency/scotland/east-dunbartonshire/kirkintilloch
Scotland,East Lothian,Haddington,/foster-agency/scotland/east-lothian/haddington
Scotland,East Renfrewshire,Giffnock,/foster-agency/scotland/east-renfrewshire/giffnock
Scotland,Falkirk,Falkirk,/foster-agency/scotland/falkirk/falkirk
Scotland,Falkirk,Grangemouth,/foster-agency/scotland/falkirk/grangemouth
Scotland,Fife,Dunfermline,/foster-agency/scotland/fife/dunfermline
Scotland,Fife,Glenrothes,/foster-agency/scotland/fife/glenrothes
Scotland,Fife,Kirkcaldy,/foster-agency/scotland/fife/kirkcaldy
Scotland,Glasgow City,Glasgow,/foster-agency/scotland/glasgow-city/glasgow
Scotland,Highland,Fort William,/foster-agency/scotland/highland/fort-william
Scotland,Highland,Inverness,/foster-agency/scotland/highland/inverness
Scotland,Inverclyde,Greenock,/foster-agency/scotland/inverclyde/greenock
Scotland,Midlothian,Dalkeith,/foster-agency/scotland/midlothian/dalkeith
Scotland,Moray,Elgin,/foster-agency/scotland/moray/elgin
Scotland,Na h-Eileanan Siar,Stornoway,/foster-agency/scotland/na-h-eileanan-siar/stornoway
Scotland,North Ayrshire,Irvine,/foster-agency/scotland/north-ayrshire/irvine
Scotland,North Lanarkshire,Airdrie,/foster-agency/scotland/north-lanarkshire/airdrie
Scotland,North Lanarkshire,Cumbernauld,/foster-agency/scotland/north-lanarkshire/cumbernauld
Scotland,North Lanarkshire,Motherwell,/foster-agency/scotland/north-lanarkshire/motherwell
Scotland,Orkney Islands,Kirkwall,/foster-agency/scotland/orkney-islands/kirkwall
Scotland,Perth and Kinross,Perth,/foster-agency/scotland/perth-and-kinross/perth
Scotland,Renfrewshire,Paisley,/foster-agency/scotland/renfrewshire/paisley
Scotland,Scottish Borders,Galashiels,/foster-agency/scotland/scottish-borders/galashiels
Scotland,Scottish Borders,Hawick,/foster-agency/scotland/scottish-borders/hawick
Scotland,Shetland Islands,Lerwick,/foster-agency/scotland/shetland-islands/lerwick
Scotland,South Ayrshire,Ayr,/foster-agency/scotland/south-ayrshire/ayr
Scotland,South Lanarkshire,East Kilbride,/foster-agency/scotland/south-lanarkshire/east-kilbride
Scotland,South Lanarkshire,Hamilton,/foster-agency/scotland/south-lanarkshire/hamilton
Scotland,Stirling,Stirling,/foster-agency/scotland/stirling/stirling
Scotland,West Dunbartonshire,Clydebank,/foster-agency/scotland/west-dunbartonshire/clydebank
Scotland,West Dunbartonshire,Dumbarton,/foster-agency/scotland/west-dunbartonshire/dumbarton
Scotland,West Lothian,Livingston,/foster-agency/scotland/west-lothian/livingston
Wales,Blaenau Gwent,Ebbw Vale,/foster-agency/wales/blaenau-gwent/ebbw-vale
Wales,Bridgend,Bridgend,/foster-agency/wales/bridgend/bridgend
Wales,Caerphilly,Caerphilly,/foster-agency/wales/caerphilly/caerphilly
Wales,Cardiff,Cardiff,/foster-agency/wales/cardiff/cardiff
Wales,Carmarthenshire,Carmarthen,/foster-agency/wales/carmarthenshire/carmarthen
Wales,Carmarthenshire,Llanelli,/foster-agency/wales/carmarthenshire/llanelli
Wales,Ceredigion,Aberystwyth,/foster-agency/wales/ceredigion/aberystwyth
Wales,Ceredigion,Cardigan,/foster-agency/wales/ceredigion/cardigan
Wales,Conwy,Colwyn Bay,/foster-agency/wales/conwy/colwyn-bay
Wales,Conwy,Llandudno,/foster-agency/wales/conwy/llandudno
Wales,Denbighshire,Rhyl,/foster-agency/wales/denbighshire/rhyl
Wales,Flintshire,Mold,/foster-agency/wales/flintshire/mold
Wales,Gwynedd,Bangor,/foster-agency/wales/gwynedd/bangor
Wales,Gwynedd,Caernarfon,/foster-agency/wales/gwynedd/caernarfon
Wales,Isle of Anglesey,Holyhead,/foster-agency/wales/isle-of-anglesey/holyhead
Wales,Isle of Anglesey,Llangefni,/foster-agency/wales/isle-of-anglesey/llangefni
Wales,Merthyr Tydfil,Merthyr Tydfil,/foster-agency/wales/merthyr-tydfil/merthyr-tydfil
Wales,Monmouthshire,Abergavenny,/foster-agency/wales/monmouthshire/abergavenny
Wales,Monmouthshire,Monmouth,/foster-agency/wales/monmouthshire/monmouth
Wales,Neath Port Talbot,Neath,/foster-agency/wales/neath-port-talbot/neath
Wales,Neath Port Talbot,Port Talbot,/foster-agency/wales/neath-port-talbot/port-talbot
Wales,Newport,Newport,/foster-agency/wales/newport/newport
Wales,Pembrokeshire,Haverfordwest,/foster-agency/wales/pembrokeshire/haverfordwest
Wales,Pembrokeshire,Milford Haven,/foster-agency/wales/pembrokeshire/milford-haven
Wales,Powys,Brecon,/foster-agency/wales/powys/brecon
Wales,Powys,Newtown,/foster-agency/wales/powys/newtown
Wales,Rhondda Cynon Taf,Aberdare,/foster-agency/wales/rhondda-cynon-taf/aberdare
Wales,Rhondda Cynon Taf,Pontypridd,/foster-agency/wales/rhondda-cynon-taf/pontypridd
Wales,Swansea,Swansea,/foster-agency/wales/swansea/swansea
Wales,Torfaen,Cwmbran,/foster-agency/wales/torfaen/cwmbran
Wales,Torfaen,Pontypool,/foster-agency/wales/torfaen/pontypool
Wales,Vale of Glamorgan,Barry,/foster-agency/wales/vale-of-glamorgan/barry
Wales,Vale of Glamorgan,Penarth,/foster-agency/wales/vale-of-glamorgan/penarth
Wales,Wrexham,Wrexham,/foster-agency/wales/wrexham/wrexham
